customer_id,et√†,prezzo_abbonamento,media_presenze_sett,giorni_da_ultima_presenza,ha_rinnovato,churn,anno_iscrizione,mese_iscrizione,mese_ultima_presenza,tipo_abbonamento_encoder,sesso_F,sesso_M
CUST0000,56,80,1.88,43,True,0,2023,7,5,2,False,True
CUST0001,38,80,2.19,6,True,0,2025,1,6,2,False,True
CUST0003,57,30,2.25,2,True,0,2023,8,6,1,False,True
CUST0004,39,80,1.66,16,False,0,2024,11,6,2,False,True
CUST0005,19,30,1.58,35,True,0,2024,2,5,1,True,False
CUST0007,44,30,2.98,9,True,0,2023,11,6,1,True,False
CUST0008,45,30,2.37,15,True,0,2023,8,6,1,True,False
CUST0009,61,280,2.42,19,True,0,2023,7,6,0,True,False
CUST0010,20,80,0.69,51,True,0,2023,9,5,2,False,True
CUST0012,21,80,2.2,13,True,0,2024,6,6,2,True,False
CUST0015,64,80,1.97,2,True,0,2024,4,6,2,True,False
CUST0016,31,30,2.91,16,True,0,2023,7,6,1,True,False
CUST0017,19,80,0.65,20,True,0,2023,10,6,2,False,True
CUST0018,59,30,1.65,18,True,0,2025,4,6,1,False,True
CUST0021,35,30,1.71,14,True,0,2024,10,6,1,True,False
CUST0022,41,30,2.66,12,True,0,2023,12,6,1,True,False
CUST0023,18,30,2.31,6,True,0,2023,12,6,1,True,False
CUST0024,26,80,2.79,0,True,0,2023,11,6,2,True,False
CUST0025,52,30,2.94,2,True,0,2024,5,6,1,True,False
CUST0027,45,280,2.8,6,True,0,2023,11,6,0,False,True
CUST0028,26,80,2.05,7,True,0,2024,5,6,2,False,True
CUST0029,40,30,2.44,4,True,0,2024,10,6,1,False,True
CUST0032,31,80,2.68,2,True,0,2023,7,6,2,True,False
CUST0033,31,30,3.27,6,True,0,2024,3,6,1,True,False
CUST0034,44,280,2.19,8,True,0,2024,11,6,0,True,False
CUST0035,30,280,1.73,46,True,0,2024,9,5,0,False,True
CUST0037,56,80,1.8,59,True,0,2025,1,4,2,False,True
CUST0038,32,280,3.31,10,True,0,2024,5,6,0,True,False
CUST0040,59,30,2.19,12,True,0,2024,10,6,1,False,True
CUST0041,45,280,2.34,11,True,0,2023,12,6,0,False,True
CUST0042,61,30,1.57,34,True,0,2023,8,5,1,False,True
CUST0045,30,30,2.32,8,True,0,2024,2,6,1,True,False
CUST0046,20,30,1.59,53,True,0,2023,8,4,1,False,True
CUST0047,54,80,1.88,0,True,0,2024,5,6,2,False,True
CUST0048,59,30,2.17,11,True,0,2025,1,6,1,False,True
CUST0050,29,30,1.54,6,True,0,2025,3,6,1,True,False
CUST0051,34,30,2.49,16,True,0,2025,1,6,1,True,False
CUST0052,19,30,2.28,1,True,0,2024,2,6,1,True,False
CUST0053,49,30,2.46,0,True,0,2024,3,6,1,True,False
CUST0054,18,80,2.67,18,True,0,2025,1,6,2,False,True
CUST0056,23,30,0.97,46,True,0,2024,10,5,1,False,True
CUST0057,34,30,2.58,5,True,0,2025,3,6,1,True,False
CUST0058,41,30,3.2,4,True,0,2024,9,6,1,False,True
CUST0062,37,280,2.5,3,True,0,2025,2,6,0,False,True
CUST0067,40,80,2.94,9,True,0,2023,8,6,2,False,True
CUST0068,52,30,2.23,21,True,0,2024,11,6,1,True,False
CUST0069,19,30,1.87,15,True,0,2023,10,6,1,False,True
CUST0072,52,80,1.87,33,True,0,2023,12,5,2,False,True
CUST0073,41,280,1.71,47,True,0,2025,4,5,0,True,False
CUST0074,41,30,2.1,25,True,0,2025,3,5,1,False,True
CUST0076,42,80,2.59,17,True,0,2024,3,6,2,True,False
CUST0077,52,30,0.65,30,True,0,2023,9,5,1,False,True
CUST0078,58,280,2.01,3,True,0,2024,11,6,0,True,False
CUST0080,37,80,2.71,7,True,0,2024,11,6,2,True,False
CUST0082,29,280,0.88,36,True,0,2024,3,5,0,False,True
CUST0083,55,80,2.09,5,True,0,2024,4,6,2,False,True
CUST0084,62,80,2.64,18,True,0,2025,3,6,2,True,False
CUST0087,22,280,3.86,15,True,0,2023,9,6,0,True,False
CUST0088,36,80,2.52,3,True,0,2025,2,6,2,True,False
CUST0089,34,30,1.4,58,True,0,2024,5,4,1,True,False
CUST0092,50,30,1.07,35,True,0,2024,2,5,1,False,True
CUST0093,20,280,2.09,17,True,0,2024,5,6,0,False,True
CUST0094,42,80,2.59,9,True,0,2024,7,6,2,False,True
CUST0095,57,280,2.69,13,True,0,2024,5,6,0,True,False
CUST0098,43,80,1.81,31,True,0,2025,1,5,2,True,False
CUST0100,52,280,2.76,17,True,0,2024,1,6,0,False,True
CUST0101,62,30,4.43,19,True,0,2024,9,6,1,True,False
CUST0105,42,280,1.03,36,True,0,2023,12,5,0,True,False
CUST0108,61,30,2.13,11,True,0,2024,3,6,1,True,False
CUST0110,52,30,0.08,54,True,0,2024,3,4,1,True,False
CUST0111,34,30,1.63,33,True,0,2024,8,5,1,False,True
CUST0113,18,80,2.93,0,True,0,2024,6,6,2,True,False
CUST0114,64,30,1.28,48,True,0,2023,11,5,1,True,False
CUST0115,42,80,2.4,7,True,0,2024,11,6,2,True,False
CUST0116,62,80,3.56,0,True,0,2023,8,6,2,False,True
CUST0117,20,30,3.02,11,True,0,2024,6,6,1,False,True
CUST0118,43,30,2.16,15,True,0,2023,11,6,1,True,False
CUST0119,64,80,2.37,16,True,0,2023,7,6,2,False,True
CUST0120,47,80,0.85,19,True,0,2023,8,6,2,False,True
CUST0122,53,30,3.56,0,True,0,2024,12,6,1,True,False
CUST0123,27,30,2.25,4,True,0,2023,8,6,1,False,True
CUST0126,33,30,2.4,15,True,0,2024,7,6,1,True,False
CUST0130,60,30,3.07,4,True,0,2024,9,6,1,False,True
CUST0133,63,80,1.01,16,True,0,2024,4,6,2,False,True
CUST0134,52,280,1.92,16,True,0,2023,10,6,0,False,True
CUST0135,27,80,3.29,1,True,0,2024,7,6,2,True,False
CUST0136,58,80,2.68,6,True,0,2023,8,6,2,False,True
CUST0137,62,30,2.15,10,True,0,2023,11,6,1,True,False
CUST0138,46,30,1.81,50,True,0,2024,11,5,1,False,True
CUST0139,53,30,2.46,9,True,0,2024,4,6,1,False,True
CUST0140,54,30,3.44,8,True,0,2024,10,6,1,True,False
CUST0141,52,30,3.34,15,True,0,2025,3,6,1,True,False
CUST0143,40,280,1.74,4,True,0,2024,1,6,0,False,True
CUST0144,29,280,3.07,16,True,0,2024,3,6,0,True,False
CUST0146,34,30,1.13,34,True,0,2024,3,5,1,False,True
CUST0147,36,30,2.97,16,True,0,2024,5,6,1,True,False
CUST0148,53,80,1.77,26,False,0,2025,1,5,2,True,False
CUST0150,36,30,0.25,30,True,0,2024,9,5,1,False,True
CUST0152,38,30,3.41,3,True,0,2024,8,6,1,False,True
CUST0153,64,30,2.7,11,True,0,2024,3,6,1,True,False
CUST0155,55,80,2.54,6,True,0,2025,2,6,2,False,True
CUST0156,63,30,2.25,12,True,0,2025,4,6,1,True,False
CUST0157,44,80,1.82,1,True,0,2025,2,6,2,False,True
CUST0159,34,30,0.51,21,False,0,2023,8,6,1,False,True
CUST0160,42,30,1.04,59,True,0,2025,3,4,1,False,True
CUST0161,48,80,3.18,18,True,0,2024,12,6,2,False,True
CUST0162,61,30,2.93,6,True,0,2024,2,6,1,True,False
CUST0163,56,80,2.42,2,True,0,2024,7,6,2,True,False
CUST0166,25,280,2.92,8,True,0,2023,8,6,0,True,False
CUST0167,45,80,2.29,39,True,0,2023,8,5,2,False,True
CUST0168,50,80,3.18,5,True,0,2024,12,6,2,True,False
CUST0169,62,30,2.36,12,True,0,2024,2,6,1,True,False
CUST0170,64,30,2.61,15,True,0,2025,2,6,1,True,False
CUST0172,52,80,2.51,18,True,0,2024,3,6,2,True,False
CUST0175,20,30,2.12,15,True,0,2024,8,6,1,False,True
CUST0176,40,80,2.44,10,True,0,2024,10,6,2,True,False
CUST0177,45,30,2.18,22,False,0,2024,9,5,1,True,False
CUST0178,45,30,1.44,3,True,0,2023,11,6,1,False,True
CUST0179,45,280,2.24,4,True,0,2024,3,6,0,True,False
CUST0180,58,80,0.16,50,True,0,2023,7,5,2,True,False
CUST0181,37,80,2.68,12,True,0,2024,7,6,2,False,True
CUST0182,45,80,2.87,15,True,0,2025,1,6,2,False,True
CUST0183,19,30,2.53,24,True,0,2023,9,5,1,True,False
CUST0184,47,80,1.88,17,True,0,2023,8,6,2,True,False
CUST0185,50,30,2.59,0,True,0,2024,3,6,1,True,False
CUST0186,35,280,1.07,46,True,0,2024,9,5,0,True,False
CUST0187,44,30,3.22,16,True,0,2025,3,6,1,True,False
CUST0188,30,80,1.27,0,True,0,2024,5,6,2,False,True
CUST0189,18,30,2.05,15,True,0,2023,8,6,1,False,True
CUST0192,27,30,1.82,9,True,0,2024,11,6,1,True,False
CUST0193,26,30,2.18,13,True,0,2024,11,6,1,False,True
CUST0195,18,30,2.16,16,True,0,2025,4,6,1,True,False
CUST0196,57,30,2.09,1,True,0,2024,10,6,1,True,False
CUST0197,43,280,2.35,1,True,0,2024,4,6,0,False,True
CUST0198,20,30,2.58,17,True,0,2025,3,6,1,True,False
CUST0199,22,30,3.08,16,True,0,2024,1,6,1,True,False
CUST0202,56,80,2.6,5,True,0,2024,6,6,2,True,False
CUST0203,51,80,1.53,32,True,0,2024,4,5,2,False,True
CUST0206,59,280,2.98,18,True,0,2023,8,6,0,False,True
CUST0207,27,30,2.82,16,True,0,2024,3,6,1,False,True
CUST0208,27,30,2.36,16,True,0,2023,8,6,1,False,True
CUST0209,51,30,1.67,5,True,0,2024,11,6,1,False,True
CUST0210,19,30,1.76,27,True,0,2025,1,5,1,True,False
CUST0211,28,30,0.54,37,True,0,2023,8,5,1,True,False
CUST0212,33,30,2.68,10,True,0,2023,11,6,1,False,True
CUST0213,57,280,0.84,18,False,0,2024,11,6,0,False,True
CUST0214,42,80,2.52,2,True,0,2023,7,6,2,False,True
CUST0215,49,30,2.25,33,True,0,2025,4,5,1,True,False
CUST0216,38,280,1.86,4,True,0,2024,3,6,0,True,False
CUST0217,39,30,0.59,35,True,0,2024,6,5,1,True,False
CUST0219,63,280,2.76,1,True,0,2024,9,6,0,False,True
CUST0222,64,280,2.93,10,True,0,2023,10,6,0,True,False
CUST0223,52,80,2.19,19,True,0,2023,8,6,2,True,False
CUST0224,32,30,2.36,14,True,0,2025,1,6,1,False,True
CUST0225,43,80,1.35,13,True,0,2025,1,6,2,True,False
CUST0227,64,280,2.01,13,True,0,2024,10,6,0,True,False
CUST0228,60,30,1.25,59,True,0,2025,1,4,1,True,False
CUST0229,32,280,2.95,4,True,0,2024,2,6,0,True,False
CUST0231,39,30,1.66,40,True,0,2024,10,5,1,True,False
CUST0233,21,280,2.96,9,True,0,2024,11,6,0,False,True
CUST0234,20,30,2.06,8,True,0,2025,3,6,1,True,False
CUST0236,64,80,3.24,7,True,0,2024,5,6,2,False,True
CUST0237,59,30,3.49,8,True,0,2024,4,6,1,False,True
CUST0238,54,30,2.61,5,True,0,2023,7,6,1,False,True
CUST0239,62,30,2.09,20,True,0,2024,1,6,1,True,False
CUST0240,54,80,2.4,0,True,0,2025,3,6,2,True,False
CUST0241,47,280,1.36,10,True,0,2025,1,6,0,False,True
CUST0242,47,30,2.52,8,True,0,2023,9,6,1,True,False
CUST0243,57,280,0.92,51,True,0,2024,2,5,0,True,False
CUST0244,53,280,2.7,5,True,0,2025,1,6,0,True,False
CUST0245,21,30,2.46,14,True,0,2024,2,6,1,True,False
CUST0246,23,30,1.85,44,True,0,2025,1,5,1,True,False
CUST0247,19,80,2.01,14,True,0,2023,9,6,2,False,True
CUST0248,28,30,3.12,7,True,0,2023,9,6,1,True,False
CUST0249,22,30,1.44,20,False,0,2023,7,6,1,True,False
CUST0251,29,280,1.13,14,True,0,2024,2,6,0,True,False
CUST0254,50,30,2.07,5,True,0,2024,1,6,1,False,True
CUST0255,40,30,1.23,24,False,0,2024,9,5,1,True,False
CUST0256,61,280,2.2,16,False,0,2025,4,6,0,True,False
CUST0257,18,80,2.21,4,True,0,2025,2,6,2,True,False
CUST0259,55,30,1.99,2,True,0,2024,8,6,1,False,True
CUST0261,29,80,2.54,2,True,0,2023,8,6,2,False,True
CUST0262,52,30,1.84,15,False,0,2024,5,6,1,False,True
CUST0264,28,30,2.88,8,True,0,2024,1,6,1,True,False
CUST0265,52,80,2.82,4,True,0,2024,6,6,2,True,False
CUST0267,21,30,3.54,12,True,0,2024,1,6,1,False,True
CUST0268,59,30,1.15,39,True,0,2025,1,5,1,False,True
CUST0269,57,280,3.45,13,True,0,2024,2,6,0,False,True
CUST0270,49,80,2.85,18,True,0,2024,12,6,2,True,False
CUST0271,32,280,3.6,0,True,0,2024,1,6,0,True,False
CUST0273,31,30,2.91,7,True,0,2023,11,6,1,True,False
CUST0274,57,280,1.36,18,True,0,2023,10,6,0,True,False
CUST0275,20,80,3.22,6,True,0,2024,3,6,2,True,False
CUST0277,46,80,2.29,0,True,0,2024,2,6,2,False,True
CUST0280,50,30,3.25,3,True,0,2024,8,6,1,True,False
CUST0281,27,80,2.7,0,True,0,2025,1,6,2,True,False
CUST0282,55,80,1.31,27,False,0,2023,12,5,2,False,True
CUST0283,46,80,0.81,22,True,0,2023,12,5,2,True,False
CUST0284,22,30,3.21,14,True,0,2024,1,6,1,False,True
CUST0285,44,30,2.26,18,True,0,2024,9,6,1,True,False
CUST0286,53,80,2.86,3,True,0,2023,9,6,2,True,False
CUST0289,43,280,1.77,13,True,0,2024,11,6,0,True,False
CUST0290,60,30,2.37,11,True,0,2024,12,6,1,False,True
CUST0293,48,80,2.84,8,True,0,2024,3,6,2,True,False
CUST0294,46,80,2.01,13,True,0,2024,5,6,2,True,False
CUST0296,40,80,2.53,0,True,0,2023,8,6,2,False,True
CUST0298,38,80,2.42,14,True,0,2023,11,6,2,False,True
CUST0299,43,80,2.29,8,True,0,2024,9,6,2,True,False
CUST0300,52,280,2.91,19,True,0,2025,2,6,0,False,True
CUST0301,19,30,2.54,6,True,0,2025,3,6,1,True,False
CUST0302,35,30,2.58,1,True,0,2025,1,6,1,False,True
CUST0303,61,80,2.89,18,True,0,2023,7,6,2,True,False
CUST0305,41,30,1.46,47,True,0,2024,10,5,1,True,False
CUST0306,46,280,1.99,10,True,0,2023,11,6,0,False,True
CUST0307,37,80,2.76,8,True,0,2023,9,6,2,True,False
CUST0309,18,280,2.58,12,True,0,2024,7,6,0,False,True
CUST0311,49,30,1.4,44,True,0,2025,4,5,1,False,True
CUST0314,35,80,2.37,0,True,0,2024,11,6,2,False,True
CUST0315,19,280,2.55,42,True,0,2024,10,5,0,True,False
CUST0316,47,80,2.32,5,True,0,2025,2,6,2,True,False
CUST0317,25,30,2.62,6,True,0,2025,2,6,1,False,True
CUST0318,20,80,2.92,9,True,0,2025,1,6,2,False,True
CUST0319,50,30,1.84,17,True,0,2024,11,6,1,True,False
CUST0320,24,80,2.36,43,True,0,2023,11,5,2,False,True
CUST0321,20,30,0.0,38,True,0,2025,2,5,1,False,True
CUST0322,40,30,1.57,22,False,0,2024,10,5,1,True,False
CUST0323,20,280,2.43,18,True,0,2024,6,6,0,True,False
CUST0324,50,30,2.93,14,True,0,2023,8,6,1,False,True
CUST0326,63,30,2.36,10,True,0,2023,12,6,1,False,True
CUST0327,35,30,1.97,6,True,0,2025,2,6,1,True,False
CUST0328,27,30,1.98,21,False,0,2024,11,6,1,True,False
CUST0329,36,280,2.73,3,True,0,2024,9,6,0,False,True
CUST0331,19,30,2.09,2,True,0,2023,10,6,1,True,False
CUST0332,40,30,1.17,26,False,0,2024,5,5,1,True,False
CUST0333,47,80,3.01,8,True,0,2024,12,6,2,False,True
CUST0334,51,280,2.32,11,True,0,2023,10,6,0,False,True
CUST0335,47,80,2.63,13,True,0,2024,12,6,2,False,True
CUST0336,40,80,3.64,16,True,0,2024,4,6,2,False,True
CUST0337,26,80,0.0,54,True,0,2023,8,4,2,True,False
CUST0339,60,80,1.21,18,True,0,2024,8,6,2,True,False
CUST0340,43,30,1.12,43,True,0,2025,3,5,1,False,True
CUST0342,35,80,1.69,9,True,0,2024,11,6,2,True,False
CUST0344,42,30,1.17,52,True,0,2024,12,5,1,True,False
CUST0345,59,30,1.87,36,True,0,2025,1,5,1,True,False
CUST0346,38,30,2.05,5,True,0,2025,4,6,1,True,False
CUST0347,62,30,2.09,21,True,0,2023,11,6,1,False,True
CUST0348,27,30,2.34,12,True,0,2023,11,6,1,True,False
CUST0349,63,80,3.07,1,True,0,2024,2,6,2,True,False
CUST0350,60,280,1.63,15,True,0,2024,2,6,0,False,True
CUST0351,43,80,0.97,43,True,0,2025,3,5,2,False,True
CUST0352,38,80,0.85,25,True,0,2023,6,5,2,True,False
CUST0353,56,30,1.82,7,True,0,2025,1,6,1,False,True
CUST0354,52,80,2.76,1,True,0,2023,10,6,2,True,False
CUST0355,39,30,2.44,4,True,0,2024,10,6,1,False,True
CUST0357,60,30,1.6,31,True,0,2023,10,5,1,True,False
CUST0358,62,30,3.07,10,True,0,2024,12,6,1,True,False
CUST0359,26,80,2.15,8,True,0,2024,6,6,2,False,True
CUST0362,42,280,2.99,6,True,0,2024,6,6,0,False,True
CUST0363,34,80,1.08,24,True,0,2023,8,5,2,True,False
CUST0364,64,280,3.03,11,True,0,2024,12,6,0,False,True
CUST0365,25,280,2.56,16,True,0,2024,12,6,0,True,False
CUST0367,58,80,3.01,12,True,0,2023,9,6,2,True,False
CUST0369,40,30,2.6,6,True,0,2025,1,6,1,False,True
CUST0370,31,280,0.74,29,True,0,2024,3,5,0,False,True
CUST0371,25,30,2.24,37,True,0,2024,6,5,1,False,True
CUST0372,46,80,3.18,17,True,0,2023,12,6,2,False,True
CUST0374,31,80,2.07,2,True,0,2023,9,6,2,True,False
CUST0376,60,30,0.04,54,True,0,2024,8,4,1,False,True
CUST0377,56,80,0.6,29,True,0,2024,8,5,2,True,False
CUST0378,21,30,2.93,12,True,0,2023,11,6,1,True,False
CUST0379,59,30,2.64,11,True,0,2024,10,6,1,True,False
CUST0381,30,80,1.49,27,False,0,2023,9,5,2,True,False
CUST0383,61,80,1.04,24,True,0,2024,4,5,2,True,False
CUST0386,20,30,1.83,12,True,0,2024,2,6,1,False,True
CUST0388,54,30,1.53,15,True,0,2024,5,6,1,True,False
CUST0389,41,80,0.65,18,False,0,2024,11,6,2,False,True
CUST0390,29,80,2.99,4,True,0,2024,9,6,2,False,True
CUST0391,63,80,2.39,10,True,0,2024,10,6,2,True,False
CUST0392,30,30,2.32,48,True,0,2023,8,5,1,False,True
CUST0393,62,30,3.31,13,True,0,2024,10,6,1,True,False
CUST0395,20,80,2.2,5,True,0,2023,12,6,2,True,False
CUST0396,22,80,1.88,4,True,0,2024,12,6,2,False,True
CUST0398,59,30,2.9,2,True,0,2025,3,6,1,True,False
CUST0399,41,30,3.02,2,True,0,2025,2,6,1,False,True
CUST0400,49,30,1.01,49,True,0,2023,10,5,1,False,True
CUST0401,64,80,2.15,8,True,0,2023,7,6,2,False,True
CUST0402,21,80,1.41,28,False,0,2024,9,5,2,False,True
CUST0403,20,30,2.29,42,True,0,2024,4,5,1,True,False
CUST0404,46,80,1.45,23,True,0,2024,11,5,2,False,True
CUST0405,42,280,2.41,4,True,0,2024,4,6,0,False,True
CUST0406,28,30,0.28,48,True,0,2025,4,5,1,True,False
CUST0408,43,30,2.24,17,True,0,2024,2,6,1,True,False
CUST0409,34,80,2.61,17,True,0,2024,7,6,2,True,False
CUST0410,57,280,3.76,12,True,0,2024,5,6,0,False,True
CUST0412,57,280,3.05,1,True,0,2024,9,6,0,True,False
CUST0413,50,80,1.59,20,True,0,2024,3,6,2,False,True
CUST0414,41,80,2.31,18,True,0,2024,7,6,2,False,True
CUST0415,58,280,2.77,12,True,0,2025,2,6,0,False,True
CUST0416,60,280,3.03,12,True,0,2023,12,6,0,False,True
CUST0418,24,30,2.31,4,True,0,2024,4,6,1,True,False
CUST0420,48,280,2.71,17,True,0,2023,7,6,0,False,True
CUST0421,46,30,1.78,26,True,0,2023,10,5,1,False,True
CUST0423,58,280,1.76,16,True,0,2024,6,6,0,False,True
CUST0424,57,280,2.82,1,True,0,2024,12,6,0,False,True
CUST0425,52,30,3.01,20,True,0,2024,11,6,1,True,False
CUST0426,36,30,2.77,6,True,0,2023,7,6,1,False,True
CUST0427,45,30,1.53,29,False,0,2024,4,5,1,True,False
CUST0428,47,80,2.28,4,True,0,2023,11,6,2,False,True
CUST0429,44,30,1.64,31,True,0,2024,3,5,1,False,True
CUST0430,29,30,1.6,16,True,0,2023,10,6,1,True,False
CUST0431,43,30,2.18,32,True,0,2023,7,5,1,True,False
CUST0432,31,30,2.91,43,True,0,2024,2,5,1,False,True
CUST0433,29,30,0.98,21,True,0,2023,8,6,1,True,False
CUST0434,46,30,1.19,25,False,0,2024,2,5,1,True,False
CUST0435,49,30,3.06,18,True,0,2023,6,6,1,True,False
CUST0436,28,280,1.78,1,True,0,2023,8,6,0,True,False
CUST0437,56,280,1.4,14,True,0,2025,1,6,0,True,False
CUST0438,46,280,3.06,10,True,0,2023,6,6,0,False,True
CUST0439,44,30,3.16,2,True,0,2024,11,6,1,True,False
CUST0440,34,280,1.58,11,True,0,2024,11,6,0,False,True
CUST0441,55,80,2.22,14,True,0,2024,1,6,2,True,False
CUST0443,41,30,1.3,26,False,0,2024,5,5,1,False,True
CUST0444,35,30,3.76,14,True,0,2023,11,6,1,True,False
CUST0447,24,30,1.91,2,True,0,2023,7,6,1,True,False
CUST0449,42,80,2.75,13,True,0,2023,10,6,2,False,True
CUST0450,24,30,1.79,16,True,0,2023,7,6,1,False,True
CUST0451,26,80,2.8,5,True,0,2024,3,6,2,True,False
CUST0452,39,30,2.18,1,True,0,2023,7,6,1,True,False
CUST0453,30,80,3.0,16,True,0,2024,4,6,2,True,False
CUST0454,25,30,2.03,17,True,0,2023,11,6,1,False,True
CUST0456,55,30,2.89,10,True,0,2023,12,6,1,False,True
CUST0457,55,30,1.8,55,True,0,2024,12,4,1,True,False
CUST0458,25,30,0.82,25,False,0,2024,11,5,1,True,False
CUST0459,34,80,2.48,11,True,0,2024,3,6,2,False,True
CUST0461,45,80,2.31,19,True,0,2025,2,6,2,False,True
CUST0462,50,30,2.53,9,True,0,2024,7,6,1,True,False
CUST0463,58,30,2.11,12,True,0,2024,8,6,1,False,True
CUST0464,47,30,2.26,0,True,0,2024,7,6,1,False,True
CUST0465,56,30,3.04,1,True,0,2024,8,6,1,True,False
CUST0466,55,30,1.94,53,True,0,2024,6,4,1,True,False
CUST0467,32,280,2.01,1,True,0,2025,3,6,0,False,True
CUST0468,59,280,2.64,11,True,0,2024,2,6,0,False,True
CUST0470,26,280,2.53,20,False,0,2024,4,6,0,True,False
CUST0471,58,80,2.57,26,True,0,2023,8,5,2,False,True
CUST0472,25,80,2.95,7,True,0,2024,9,6,2,False,True
CUST0473,64,30,2.82,6,True,0,2023,7,6,1,True,False
CUST0475,39,30,3.09,2,True,0,2024,12,6,1,False,True
CUST0476,58,80,3.34,9,True,0,2023,8,6,2,True,False
CUST0477,29,30,1.18,37,True,0,2023,11,5,1,False,True
CUST0478,29,80,3.68,12,True,0,2023,8,6,2,True,False
CUST0479,36,80,2.29,13,True,0,2023,11,6,2,False,True
CUST0480,53,280,2.76,12,True,0,2024,4,6,0,False,True
CUST0481,49,30,1.1,58,True,0,2023,9,4,1,True,False
CUST0482,35,280,0.85,20,True,0,2024,9,6,0,True,False
CUST0483,49,30,2.88,8,True,0,2023,7,6,1,False,True
CUST0484,20,30,1.93,42,True,0,2024,2,5,1,True,False
CUST0485,46,80,0.78,29,True,0,2023,9,5,2,False,True
CUST0486,50,280,3.05,6,True,0,2024,11,6,0,True,False
CUST0489,37,30,1.77,17,True,0,2024,8,6,1,False,True
CUST0490,49,80,2.68,55,True,0,2023,10,4,2,True,False
CUST0491,53,30,2.27,1,True,0,2025,2,6,1,True,False
CUST0492,32,30,2.8,1,True,0,2024,1,6,1,False,True
CUST0493,29,30,3.07,2,True,0,2024,11,6,1,True,False
CUST0494,62,280,2.46,32,True,0,2024,2,5,0,True,False
CUST0496,25,80,2.66,3,True,0,2024,7,6,2,True,False
CUST0497,62,30,2.35,8,True,0,2023,7,6,1,False,True
CUST0498,64,30,1.38,13,True,0,2024,11,6,1,False,True
CUST0499,19,280,2.62,6,True,0,2025,2,6,0,True,False
CUST0500,23,280,2.69,16,True,0,2023,8,6,0,False,True
CUST0502,54,30,3.05,4,True,0,2023,11,6,1,True,False
CUST0503,53,30,2.15,12,True,0,2025,2,6,1,False,True
CUST0504,40,280,2.72,14,True,0,2025,4,6,0,True,False
CUST0505,31,30,2.35,15,True,0,2024,6,6,1,True,False
CUST0506,27,30,2.06,9,True,0,2024,2,6,1,True,False
CUST0507,22,30,2.71,19,True,0,2023,8,6,1,False,True
CUST0509,60,30,1.74,4,True,0,2025,1,6,1,True,False
CUST0510,64,80,2.55,51,True,0,2024,11,5,2,True,False
CUST0512,64,280,2.61,29,True,0,2023,11,5,0,False,True
CUST0513,37,80,3.12,28,True,0,2024,7,5,2,True,False
CUST0514,19,80,2.86,8,True,0,2024,9,6,2,True,False
CUST0515,46,80,2.53,0,True,0,2024,4,6,2,False,True
CUST0520,40,80,0.75,58,True,0,2024,6,4,2,True,False
CUST0522,33,80,2.81,17,True,0,2024,7,6,2,True,False
CUST0523,38,80,0.76,15,True,0,2024,11,6,2,False,True
CUST0524,25,80,2.25,43,True,0,2024,12,5,2,False,True
CUST0525,39,30,2.42,14,True,0,2024,12,6,1,True,False
CUST0526,51,80,1.48,15,False,0,2023,7,6,2,False,True
CUST0527,34,30,3.5,7,True,0,2023,8,6,1,True,False
CUST0528,64,30,2.3,7,True,0,2024,3,6,1,False,True
CUST0529,42,280,1.7,18,False,0,2025,4,6,0,True,False
CUST0530,50,80,2.82,0,True,0,2025,2,6,2,False,True
CUST0531,22,80,0.7,55,True,0,2023,10,4,2,True,False
CUST0532,43,80,2.47,1,True,0,2024,3,6,2,True,False
CUST0533,30,80,1.73,23,True,0,2024,7,5,2,True,False
CUST0534,30,30,2.65,8,True,0,2025,4,6,1,True,False
CUST0536,55,30,1.92,33,True,0,2025,3,5,1,True,False
CUST0538,36,280,1.39,59,True,0,2025,3,4,0,True,False
CUST0539,24,30,2.56,14,True,0,2025,4,6,1,False,True
CUST0540,18,30,3.09,11,True,0,2025,2,6,1,False,True
CUST0541,36,80,3.51,0,True,0,2024,9,6,2,True,False
CUST0542,49,280,2.35,16,True,0,2023,8,6,0,True,False
CUST0544,25,80,3.13,13,True,0,2025,3,6,2,False,True
CUST0545,26,30,1.99,17,True,0,2024,3,6,1,False,True
CUST0546,38,80,0.36,40,True,0,2025,4,5,2,False,True
CUST0549,61,30,2.66,10,True,0,2024,10,6,1,True,False
CUST0550,62,80,2.03,35,True,0,2024,2,5,2,False,True
CUST0551,42,280,1.7,50,True,0,2024,6,5,0,False,True
CUST0553,21,80,2.36,15,True,0,2025,2,6,2,True,False
CUST0554,63,280,3.73,14,True,0,2023,9,6,0,True,False
CUST0555,59,280,2.99,3,True,0,2024,4,6,0,False,True
CUST0556,47,280,2.66,17,True,0,2023,12,6,0,True,False
CUST0557,43,280,1.45,39,True,0,2023,7,5,0,True,False
CUST0558,47,30,1.12,25,True,0,2024,1,5,1,True,False
CUST0559,59,80,2.76,9,True,0,2024,12,6,2,True,False
CUST0563,38,30,2.77,8,True,0,2024,5,6,1,False,True
CUST0564,43,280,1.97,8,True,0,2023,9,6,0,True,False
CUST0565,59,30,2.74,7,True,0,2023,10,6,1,True,False
CUST0566,41,30,0.37,30,False,0,2025,3,5,1,True,False
CUST0567,21,80,2.69,17,True,0,2024,2,6,2,True,False
CUST0568,41,30,2.72,18,True,0,2023,8,6,1,False,True
CUST0569,42,80,2.95,17,True,0,2023,12,6,2,True,False
CUST0570,36,30,1.33,50,True,0,2025,3,5,1,True,False
CUST0572,52,30,1.25,58,True,0,2023,9,4,1,True,False
CUST0573,34,80,2.73,15,True,0,2024,4,6,2,False,True
CUST0574,54,80,1.01,29,True,0,2025,1,5,2,False,True
CUST0575,28,30,2.18,9,True,0,2025,2,6,1,False,True
CUST0576,26,80,1.12,28,True,0,2024,9,5,2,False,True
CUST0577,42,30,2.58,1,True,0,2023,9,6,1,True,False
CUST0578,52,30,2.1,6,True,0,2024,4,6,1,True,False
CUST0579,56,30,2.65,55,True,0,2024,3,4,1,False,True
CUST0580,28,80,3.02,6,True,0,2025,1,6,2,False,True
CUST0581,21,80,1.14,40,True,0,2024,4,5,2,True,False
CUST0583,53,80,2.63,7,True,0,2023,9,6,2,True,False
CUST0584,54,280,0.36,47,True,0,2024,12,5,0,False,True
CUST0586,58,80,2.52,6,True,0,2025,2,6,2,False,True
CUST0591,23,280,1.88,1,True,0,2024,12,6,0,False,True
CUST0592,40,80,2.85,11,True,0,2024,7,6,2,False,True
CUST0593,51,80,3.47,19,True,0,2023,7,6,2,False,True
CUST0595,30,280,1.55,43,True,0,2024,12,5,0,True,False
CUST0596,48,30,2.58,14,True,0,2024,1,6,1,True,False
CUST0598,33,30,2.42,26,True,0,2024,8,5,1,False,True
CUST0599,37,80,0.65,17,False,0,2024,6,6,2,True,False
CUST0600,33,30,2.12,12,True,0,2024,2,6,1,False,True
CUST0601,47,80,2.89,19,True,0,2023,10,6,2,False,True
CUST0602,23,80,1.63,36,True,0,2024,10,5,2,False,True
CUST0606,58,80,2.54,1,True,0,2024,6,6,2,False,True
CUST0607,28,30,2.85,2,True,0,2024,6,6,1,True,False
CUST0608,40,80,2.68,3,True,0,2024,8,6,2,True,False
CUST0609,54,30,3.2,19,True,0,2025,2,6,1,True,False
CUST0610,59,80,2.28,11,True,0,2023,7,6,2,False,True
CUST0611,41,30,3.08,9,True,0,2025,4,6,1,False,True
CUST0612,47,280,1.9,28,True,0,2023,11,5,0,True,False
CUST0614,32,80,2.77,2,True,0,2024,3,6,2,True,False
CUST0616,35,30,1.34,24,True,0,2023,6,5,1,False,True
CUST0617,50,280,1.64,50,True,0,2024,7,5,0,False,True
CUST0618,48,30,1.14,28,False,0,2024,11,5,1,False,True
CUST0619,52,30,2.97,8,True,0,2023,9,6,1,False,True
CUST0620,23,80,2.2,12,True,0,2024,1,6,2,False,True
CUST0621,51,80,1.37,18,False,0,2024,10,6,2,False,True
CUST0622,42,80,2.53,14,True,0,2024,10,6,2,False,True
CUST0624,45,80,2.86,12,True,0,2024,11,6,2,True,False
CUST0625,49,280,2.27,10,True,0,2024,1,6,0,False,True
CUST0626,19,280,1.35,37,True,0,2024,1,5,0,True,False
CUST0627,19,80,3.25,10,True,0,2024,6,6,2,False,True
CUST0628,48,30,2.19,14,True,0,2023,8,6,1,True,False
CUST0629,33,30,2.35,15,True,0,2024,11,6,1,False,True
CUST0634,24,80,2.3,13,True,0,2024,12,6,2,False,True
CUST0637,38,30,2.31,9,True,0,2024,8,6,1,False,True
CUST0640,35,30,2.49,4,True,0,2025,3,6,1,True,False
CUST0641,52,80,1.91,25,True,0,2024,3,5,2,True,False
CUST0643,52,80,1.88,8,True,0,2024,8,6,2,False,True
CUST0644,46,280,2.35,19,True,0,2024,3,6,0,True,False
CUST0645,59,30,3.01,12,True,0,2024,2,6,1,True,False
CUST0650,45,30,1.28,10,True,0,2025,3,6,1,True,False
CUST0651,39,30,2.45,7,True,0,2023,8,6,1,False,True
CUST0658,34,80,1.28,4,True,0,2023,10,6,2,False,True
CUST0659,48,280,1.63,50,True,0,2023,9,5,0,True,False
CUST0660,28,80,0.75,29,True,0,2024,7,5,2,True,False
CUST0661,22,80,1.61,7,True,0,2023,12,6,2,False,True
CUST0663,34,30,2.08,7,True,0,2024,9,6,1,True,False
CUST0664,57,280,1.87,8,True,0,2025,3,6,0,True,False
CUST0665,53,80,2.25,3,True,0,2024,5,6,2,True,False
CUST0666,31,30,2.73,8,True,0,2023,8,6,1,False,True
CUST0668,53,30,0.79,26,False,0,2025,1,5,1,True,False
CUST0669,30,30,1.45,46,True,0,2024,4,5,1,False,True
CUST0670,48,80,1.88,30,True,0,2023,8,5,2,False,True
CUST0671,28,280,3.04,9,True,0,2024,7,6,0,False,True
CUST0672,32,30,1.98,16,True,0,2024,4,6,1,True,False
CUST0673,42,30,1.52,17,True,0,2024,7,6,1,True,False
CUST0674,39,30,1.65,44,True,0,2023,7,5,1,True,False
CUST0675,63,280,1.86,35,True,0,2024,12,5,0,True,False
CUST0676,52,80,2.92,6,True,0,2025,2,6,2,False,True
CUST0677,38,80,0.93,22,True,0,2024,6,5,2,False,True
CUST0678,63,30,1.85,7,True,0,2023,10,6,1,False,True
CUST0679,49,30,2.62,10,True,0,2024,12,6,1,False,True
CUST0680,39,30,2.65,10,True,0,2024,11,6,1,True,False
CUST0681,30,30,0.3,32,True,0,2024,5,5,1,True,False
CUST0682,19,30,1.08,43,True,0,2024,12,5,1,False,True
CUST0683,48,30,2.64,14,True,0,2023,6,6,1,True,False
CUST0684,40,30,0.82,38,True,0,2025,4,5,1,True,False
CUST0686,50,30,1.9,17,True,0,2024,10,6,1,False,True
CUST0687,46,30,1.62,6,True,0,2023,8,6,1,True,False
CUST0689,59,280,2.74,15,True,0,2025,2,6,0,True,False
CUST0690,25,280,2.77,0,True,0,2025,1,6,0,False,True
CUST0691,21,80,2.67,7,True,0,2024,7,6,2,False,True
CUST0692,52,280,1.74,46,True,0,2024,11,5,0,True,False
CUST0693,42,280,2.07,24,False,0,2024,12,5,0,False,True
CUST0694,38,30,1.9,13,True,0,2023,9,6,1,True,False
CUST0695,58,80,2.72,15,True,0,2024,5,6,2,True,False
CUST0696,30,30,1.41,23,False,0,2024,1,5,1,True,False
CUST0697,43,80,2.51,11,True,0,2024,1,6,2,True,False
CUST0699,37,80,2.06,25,False,0,2024,12,5,2,True,False
CUST0700,33,30,2.01,45,True,0,2023,12,5,1,False,True
CUST0701,54,80,1.24,18,True,0,2024,3,6,2,False,True
CUST0703,52,30,2.67,4,True,0,2024,3,6,1,True,False
CUST0704,55,80,2.3,7,True,0,2024,11,6,2,False,True
CUST0705,62,30,1.21,34,True,0,2024,5,5,1,False,True
CUST0706,34,30,3.05,21,True,0,2024,9,6,1,False,True
CUST0707,41,280,2.35,4,True,0,2023,10,6,0,True,False
CUST0708,33,30,3.53,19,True,0,2024,3,6,1,False,True
CUST0709,51,80,3.1,17,True,0,2025,3,6,2,False,True
CUST0710,36,30,2.09,18,True,0,2023,8,6,1,False,True
CUST0711,39,30,1.5,38,True,0,2024,12,5,1,True,False
CUST0712,62,280,1.99,26,False,0,2023,9,5,0,False,True
CUST0714,36,30,1.2,59,True,0,2024,6,4,1,False,True
CUST0715,50,80,2.06,17,True,0,2025,1,6,2,True,False
CUST0716,45,30,1.99,14,True,0,2024,7,6,1,True,False
CUST0717,21,30,2.8,34,True,0,2024,1,5,1,False,True
CUST0718,64,30,3.07,14,True,0,2024,8,6,1,False,True
CUST0720,26,30,0.62,40,True,0,2024,10,5,1,True,False
CUST0721,27,80,2.67,17,True,0,2025,1,6,2,True,False
CUST0722,20,80,2.0,27,True,0,2023,11,5,2,True,False
CUST0723,62,80,3.34,5,True,0,2025,2,6,2,True,False
CUST0725,46,30,1.36,51,True,0,2023,12,5,1,False,True
CUST0726,37,80,2.85,16,True,0,2025,2,6,2,True,False
CUST0727,53,80,1.43,20,True,0,2025,1,6,2,True,False
CUST0728,43,80,2.55,3,True,0,2024,6,6,2,True,False
CUST0729,53,80,1.6,20,True,0,2025,4,6,2,False,True
CUST0730,58,280,2.0,13,True,0,2024,1,6,0,True,False
CUST0731,48,280,1.71,34,True,0,2023,9,5,0,True,False
CUST0732,41,280,2.02,3,True,0,2025,4,6,0,True,False
CUST0733,31,30,0.83,24,True,0,2023,12,5,1,True,False
CUST0734,33,30,1.29,30,True,0,2025,2,5,1,True,False
CUST0735,30,30,3.28,5,True,0,2024,1,6,1,False,True
CUST0736,61,30,2.24,8,True,0,2025,3,6,1,True,False
CUST0737,37,80,2.49,17,True,0,2024,7,6,2,True,False
CUST0738,60,30,3.04,3,True,0,2025,4,6,1,False,True
CUST0739,23,80,0.99,29,False,0,2024,3,5,2,True,False
CUST0741,32,30,2.54,15,True,0,2023,8,6,1,False,True
CUST0746,38,80,2.1,11,True,0,2024,2,6,2,False,True
CUST0749,51,280,2.53,10,True,0,2024,9,6,0,True,False
CUST0751,23,280,3.41,13,True,0,2023,11,6,0,False,True
CUST0753,39,80,2.39,15,True,0,2024,12,6,2,False,True
CUST0755,56,80,0.79,36,True,0,2024,8,5,2,True,False
CUST0756,29,30,3.2,14,True,0,2024,10,6,1,False,True
CUST0757,27,30,1.54,49,True,0,2025,1,5,1,True,False
CUST0758,49,80,1.59,21,True,0,2024,1,6,2,False,True
CUST0760,32,280,2.32,7,True,0,2024,6,6,0,True,False
CUST0761,58,280,2.76,7,True,0,2023,7,6,0,True,False
CUST0762,45,80,2.94,16,True,0,2024,7,6,2,False,True
CUST0763,50,280,2.46,9,True,0,2024,2,6,0,True,False
CUST0764,52,30,0.94,20,False,0,2024,6,6,1,False,True
CUST0765,60,280,1.44,18,True,0,2024,10,6,0,False,True
CUST0766,22,30,2.24,18,True,0,2024,8,6,1,True,False
CUST0770,32,30,2.52,15,True,0,2024,5,6,1,False,True
CUST0772,29,30,2.08,16,True,0,2025,2,6,1,False,True
CUST0773,20,30,2.29,17,True,0,2024,7,6,1,False,True
CUST0774,60,80,3.77,7,True,0,2024,3,6,2,False,True
CUST0775,25,80,2.59,4,True,0,2024,6,6,2,False,True
CUST0777,23,30,1.92,13,True,0,2025,1,6,1,False,True
CUST0778,36,30,1.74,46,True,0,2023,11,5,1,False,True
CUST0779,33,80,2.23,0,True,0,2024,3,6,2,True,False
CUST0781,45,80,3.09,5,True,0,2023,10,6,2,False,True
CUST0782,48,80,3.09,4,True,0,2025,3,6,2,True,False
CUST0784,51,30,2.74,4,True,0,2024,9,6,1,False,True
CUST0785,23,80,2.38,18,True,0,2024,3,6,2,False,True
CUST0786,61,30,2.64,10,True,0,2023,9,6,1,True,False
CUST0787,26,80,2.87,1,True,0,2024,9,6,2,True,False
CUST0788,39,80,2.53,2,True,0,2025,3,6,2,True,False
CUST0790,43,30,2.22,0,True,0,2024,8,6,1,True,False
CUST0791,58,30,2.29,18,True,0,2025,1,6,1,False,True
CUST0792,64,80,2.88,17,True,0,2025,2,6,2,True,False
CUST0793,39,280,3.13,16,True,0,2024,8,6,0,False,True
CUST0796,51,280,0.85,16,False,0,2024,4,6,0,True,False
CUST0797,37,30,2.75,0,True,0,2024,9,6,1,False,True
CUST0798,25,280,2.56,2,True,0,2024,10,6,0,False,True
CUST0799,55,80,3.47,14,True,0,2025,2,6,2,True,False
CUST0800,38,30,1.15,49,True,0,2025,4,5,1,True,False
CUST0801,31,30,2.51,50,True,0,2024,12,5,1,False,True
CUST0802,29,280,2.01,31,True,0,2023,11,5,0,False,True
CUST0803,30,30,2.83,14,True,0,2025,4,6,1,False,True
CUST0804,35,30,2.64,18,True,0,2025,1,6,1,False,True
CUST0805,40,30,2.83,1,True,0,2023,11,6,1,True,False
CUST0807,52,30,0.58,33,True,0,2024,5,5,1,False,True
CUST0808,47,280,2.31,13,True,0,2024,10,6,0,True,False
CUST0809,57,30,1.49,38,True,0,2025,3,5,1,True,False
CUST0810,31,80,1.88,40,True,0,2023,12,5,2,True,False
CUST0812,24,30,2.03,13,True,0,2024,11,6,1,False,True
CUST0814,31,30,0.31,52,True,0,2024,9,5,1,False,True
CUST0815,31,80,2.76,10,True,0,2023,10,6,2,True,False
CUST0817,21,280,2.57,42,True,0,2024,10,5,0,False,True
CUST0818,25,30,2.98,1,True,0,2023,6,6,1,True,False
CUST0819,58,80,3.36,15,True,0,2024,12,6,2,False,True
CUST0821,22,30,3.08,15,True,0,2023,9,6,1,True,False
CUST0822,37,30,2.04,4,True,0,2024,4,6,1,True,False
CUST0823,26,30,1.67,23,False,0,2024,8,5,1,False,True
CUST0825,64,80,3.84,7,True,0,2024,1,6,2,True,False
CUST0826,29,80,1.94,11,True,0,2025,3,6,2,False,True
CUST0827,36,30,2.45,19,True,0,2025,1,6,1,False,True
CUST0828,46,30,2.63,36,True,0,2024,5,5,1,False,True
CUST0829,37,80,3.16,18,True,0,2025,1,6,2,False,True
CUST0830,21,30,1.25,21,False,0,2024,6,6,1,False,True
CUST0831,29,80,2.25,12,True,0,2023,8,6,2,True,False
CUST0832,20,280,0.87,36,True,0,2023,10,5,0,False,True
CUST0833,44,30,0.85,55,True,0,2024,3,4,1,True,False
CUST0834,18,280,2.19,7,True,0,2023,6,6,0,True,False
CUST0836,29,280,2.39,5,True,0,2023,11,6,0,False,True
CUST0837,57,30,0.05,28,False,0,2024,11,5,1,True,False
CUST0838,52,80,3.24,59,True,0,2024,4,4,2,False,True
CUST0839,55,30,1.01,22,False,0,2024,3,5,1,False,True
CUST0840,60,280,2.35,19,True,0,2025,2,6,0,True,False
CUST0842,59,30,1.09,57,True,0,2024,6,4,1,True,False
CUST0844,56,30,1.46,55,True,0,2025,1,4,1,False,True
CUST0845,63,80,2.2,12,True,0,2025,2,6,2,False,True
CUST0847,25,30,1.71,12,True,0,2023,9,6,1,False,True
CUST0850,22,280,2.91,7,True,0,2023,8,6,0,False,True
CUST0851,64,80,2.77,19,True,0,2024,8,6,2,False,True
CUST0852,35,30,2.37,17,True,0,2023,8,6,1,False,True
CUST0853,53,80,2.05,17,True,0,2025,3,6,2,True,False
CUST0855,50,30,3.6,11,True,0,2024,10,6,1,False,True
CUST0857,58,80,2.72,9,True,0,2025,2,6,2,False,True
CUST0858,19,30,2.45,18,True,0,2024,8,6,1,False,True
CUST0859,35,280,2.51,18,True,0,2023,10,6,0,True,False
CUST0860,26,30,2.69,6,True,0,2025,2,6,1,True,False
CUST0862,46,30,1.89,52,True,0,2024,12,5,1,True,False
CUST0863,29,30,2.96,2,True,0,2024,7,6,1,True,False
CUST0864,60,30,2.41,0,True,0,2024,8,6,1,True,False
CUST0865,54,80,2.12,16,True,0,2025,3,6,2,False,True
CUST0866,48,30,2.74,5,True,0,2024,5,6,1,True,False
CUST0867,35,30,2.92,3,True,0,2024,4,6,1,False,True
CUST0869,47,80,0.73,58,True,0,2023,11,4,2,True,False
CUST0870,51,30,1.7,46,True,0,2024,8,5,1,True,False
CUST0871,32,30,2.63,8,True,0,2024,11,6,1,True,False
CUST0872,40,30,2.36,7,True,0,2023,12,6,1,False,True
CUST0876,18,80,1.39,15,False,0,2024,1,6,2,True,False
CUST0878,45,30,2.22,2,True,0,2023,9,6,1,False,True
CUST0879,28,280,1.35,52,True,0,2024,10,5,0,True,False
CUST0880,22,80,0.64,22,True,0,2024,11,5,2,False,True
CUST0882,48,30,1.94,3,True,0,2025,2,6,1,False,True
CUST0883,43,30,2.55,13,True,0,2025,4,6,1,False,True
CUST0884,60,280,1.7,9,True,0,2023,12,6,0,True,False
CUST0885,32,30,2.05,9,True,0,2023,7,6,1,False,True
CUST0886,54,30,2.45,4,True,0,2024,9,6,1,True,False
CUST0887,40,80,2.61,5,True,0,2023,8,6,2,False,True
CUST0889,39,80,1.76,3,True,0,2024,5,6,2,True,False
CUST0890,22,30,3.82,4,True,0,2024,3,6,1,True,False
CUST0891,62,80,1.6,18,True,0,2023,10,6,2,True,False
CUST0895,18,80,2.75,2,True,0,2024,5,6,2,False,True
CUST0897,52,30,1.04,32,True,0,2024,1,5,1,False,True
CUST0899,38,30,2.75,7,True,0,2024,5,6,1,True,False
CUST0900,45,30,3.35,19,True,0,2023,8,6,1,False,True
CUST0902,51,30,1.08,25,True,0,2024,8,5,1,True,False
CUST0903,38,30,1.45,10,True,0,2023,11,6,1,False,True
CUST0904,56,30,1.61,42,True,0,2024,11,5,1,False,True
CUST0905,58,280,2.3,13,True,0,2024,11,6,0,False,True
CUST0906,29,30,2.44,5,True,0,2024,6,6,1,True,False
CUST0907,61,80,1.91,11,True,0,2024,5,6,2,True,False
CUST0908,49,30,0.26,20,True,0,2024,4,6,1,False,True
CUST0910,50,30,2.87,14,True,0,2024,2,6,1,False,True
CUST0911,34,30,2.59,18,True,0,2024,2,6,1,True,False
CUST0912,31,30,3.56,17,True,0,2025,4,6,1,False,True
CUST0914,24,80,2.58,12,True,0,2024,1,6,2,False,True
CUST0915,25,30,2.5,19,True,0,2024,9,6,1,False,True
CUST0916,62,30,1.81,16,True,0,2023,11,6,1,False,True
CUST0917,25,80,2.17,33,True,0,2025,4,5,2,True,False
CUST0918,55,80,2.8,2,True,0,2024,9,6,2,True,False
CUST0920,48,30,3.62,15,True,0,2024,7,6,1,False,True
CUST0921,38,30,1.82,30,True,0,2025,2,5,1,True,False
CUST0922,29,280,3.11,1,True,0,2023,12,6,0,True,False
CUST0923,47,30,2.07,14,True,0,2023,7,6,1,False,True
CUST0924,52,280,2.44,18,True,0,2023,8,6,0,True,False
CUST0925,54,30,2.32,0,True,0,2024,12,6,1,True,False
CUST0927,18,30,2.74,3,True,0,2024,8,6,1,True,False
CUST0928,52,80,2.39,1,True,0,2025,4,6,2,True,False
CUST0929,51,30,2.06,13,True,0,2023,8,6,1,False,True
CUST0930,31,280,2.16,3,True,0,2024,5,6,0,True,False
CUST0931,52,280,1.4,22,False,0,2023,6,5,0,False,True
CUST0932,20,80,1.55,13,True,0,2024,4,6,2,True,False
CUST0933,57,30,2.61,16,True,0,2023,11,6,1,True,False
CUST0936,64,280,0.96,45,True,0,2023,10,5,0,False,True
CUST0937,25,30,2.03,13,True,0,2023,10,6,1,False,True
CUST0938,44,30,1.73,6,True,0,2024,3,6,1,True,False
CUST0940,30,30,3.18,18,True,0,2023,7,6,1,False,True
CUST0941,39,280,0.58,45,True,0,2023,12,5,0,True,False
CUST0943,27,30,1.63,50,True,0,2024,3,5,1,True,False
CUST0944,25,280,0.73,34,True,0,2023,8,5,0,False,True
CUST0945,45,280,2.89,13,True,0,2023,7,6,0,True,False
CUST0947,40,30,1.62,22,True,0,2024,11,5,1,True,False
CUST0948,35,30,1.58,11,True,0,2024,7,6,1,True,False
CUST0950,58,280,2.06,11,True,0,2023,12,6,0,True,False
CUST0952,35,30,2.12,46,True,0,2025,4,5,1,True,False
CUST0953,41,280,1.65,22,True,0,2023,12,5,0,False,True
CUST0954,58,80,2.91,5,True,0,2023,8,6,2,True,False
CUST0955,46,80,2.07,10,True,0,2024,1,6,2,True,False
CUST0956,18,30,2.86,10,True,0,2023,8,6,1,True,False
CUST0959,23,80,2.82,15,True,0,2024,5,6,2,True,False
CUST0960,29,30,2.63,18,True,0,2024,10,6,1,False,True
CUST0962,50,30,2.29,9,True,0,2025,1,6,1,True,False
CUST0963,60,30,2.2,12,True,0,2023,8,6,1,False,True
CUST0965,21,30,2.3,14,True,0,2023,7,6,1,False,True
CUST0966,42,30,2.6,8,True,0,2023,11,6,1,True,False
CUST0969,45,30,1.41,55,True,0,2024,2,4,1,True,False
CUST0971,52,30,0.92,58,True,0,2025,3,4,1,False,True
CUST0972,58,30,2.27,6,True,0,2023,9,6,1,False,True
CUST0973,30,80,3.23,3,True,0,2025,3,6,2,False,True
CUST0974,48,80,2.81,1,True,0,2024,1,6,2,True,False
CUST0976,39,30,2.82,0,True,0,2025,4,6,1,True,False
CUST0977,62,80,2.88,1,True,0,2025,4,6,2,True,False
CUST0979,45,80,2.91,5,True,0,2024,11,6,2,True,False
CUST0980,61,30,2.58,58,True,0,2025,4,4,1,True,False
CUST0981,18,80,2.12,3,True,0,2023,7,6,2,True,False
CUST0987,41,30,2.89,10,True,0,2024,8,6,1,True,False
CUST0990,45,280,1.58,30,False,0,2024,10,5,0,False,True
CUST0991,29,30,3.27,9,True,0,2023,11,6,1,False,True
CUST0994,49,30,2.08,0,True,0,2023,12,6,1,True,False
CUST0995,29,280,2.01,30,True,0,2023,6,5,0,True,False
CUST0997,53,280,3.5,14,True,0,2023,8,6,0,False,True
CUST0998,26,30,2.69,10,True,0,2024,3,6,1,True,False
